{
  "properties": {
    "connectionReferences": {
      "shared_powerplatformforadmins": {
        "runtimeSource": "embedded",
        "connection": {
          "connectionReferenceLogicalName": "lpe_sharedpowerplatformforadmins_94613"
        },
        "api": {
          "name": "shared_powerplatformforadmins"
        }
      },
      "shared_commondataserviceforapps_1": {
        "runtimeSource": "embedded",
        "connection": {
          "connectionReferenceLogicalName": "lpe_sharedcommondataserviceforapps_dee43"
        },
        "api": {
          "name": "shared_commondataserviceforapps"
        }
      },
      "shared_office365groups_1": {
        "runtimeSource": "embedded",
        "connection": {
          "connectionReferenceLogicalName": "lpe_sharedoffice365groups_f2cc6"
        },
        "api": {
          "name": "shared_office365groups"
        }
      }
    },
    "definition": {
      "$schema": "https://schema.management.azure.com/providers/Microsoft.Logic/schemas/2016-06-01/workflowdefinition.json#",
      "contentVersion": "1.0.0.0",
      "parameters": {
        "$connections": {
          "defaultValue": {},
          "type": "Object"
        },
        "$authentication": {
          "defaultValue": {},
          "type": "SecureObject"
        },
        "PIM Enabled Team Id (lpe_PIMEnabledTeamId)": {
          "defaultValue": "67d4c15a-f5fd-ef11-bae3-00224803f947",
          "type": "String",
          "metadata": {
            "schemaName": "lpe_PIMEnabledTeamId"
          }
        },
        "Environment Id (lpe_EnvironmentId)": {
          "defaultValue": "aa1775d6-89ae-47fb-b2cd-ebeb56163da6",
          "type": "String",
          "metadata": {
            "schemaName": "lpe_EnvironmentId"
          }
        },
        "PIM Enabled Azure Group ID (lpe_PIMEnabledAzueGroupID)": {
          "defaultValue": "353e77dd-06a6-4a52-9441-a3e1da19d22c",
          "type": "String",
          "metadata": {
            "schemaName": "lpe_PIMEnabledAzueGroupID"
          }
        }
      },
      "triggers": {
        "When_a_group_member_is_added_or_removed": {
          "recurrence": {
            "interval": 1,
            "frequency": "Minute"
          },
          "splitOn": "@triggerOutputs()?['body']",
          "metadata": {
            "operationMetadataId": "7d7865db-3264-429b-894d-bcb3dd4833fe"
          },
          "type": "OpenApiConnection",
          "inputs": {
            "host": {
              "connectionName": "shared_office365groups_1",
              "operationId": "OnGroupMembershipChange",
              "apiId": "/providers/Microsoft.PowerApps/apis/shared_office365groups"
            },
            "parameters": {
              "groupId": "@parameters('PIM Enabled Azure Group ID (lpe_PIMEnabledAzueGroupID)')"
            },
            "authentication": "@parameters('$authentication')"
          }
        }
      },
      "actions": {
        "Force_Sync_user": {
          "runAfter": {},
          "metadata": {
            "operationMetadataId": "ff0d00b3-ca98-4861-8fcc-2bff34b83522"
          },
          "type": "OpenApiConnection",
          "inputs": {
            "host": {
              "connectionName": "shared_powerplatformforadmins",
              "operationId": "Add-AdminPowerAppsSyncUser",
              "apiId": "/providers/Microsoft.PowerApps/apis/shared_powerplatformforadmins"
            },
            "parameters": {
              "environment": "@parameters('Environment Id (lpe_EnvironmentId)')",
              "body/ObjectId": "@triggerOutputs()?['body/id']",
              "api-version": "2019-05-01"
            },
            "authentication": "@parameters('$authentication')"
          }
        },
        "Perform_a_bound_action": {
          "runAfter": {
            "Force_Sync_user": [
              "Succeeded"
            ]
          },
          "metadata": {
            "operationMetadataId": "74157d81-9030-408b-8527-a2ec767b2fa8"
          },
          "type": "OpenApiConnection",
          "inputs": {
            "host": {
              "connectionName": "shared_commondataserviceforapps_1",
              "operationId": "PerformBoundAction",
              "apiId": "/providers/Microsoft.PowerApps/apis/shared_commondataserviceforapps"
            },
            "parameters": {
              "entityName": "teams",
              "actionName": "Microsoft.Dynamics.CRM.SyncGroupMembersToTeam",
              "recordId": "@parameters('PIM Enabled Team Id (lpe_PIMEnabledTeamId)')"
            },
            "authentication": "@parameters('$authentication')"
          }
        }
      },
      "outputs": {}
    },
    "templateName": ""
  },
  "schemaVersion": "1.0.0.0"
}